{
    "parameters": {
        "gesture": {
            "mlp": {
                "d_layers": [
                    672,
                    904,
                    904,
                    636
                ],
                "dropout": 0.0,
                "num_bins": {
                    "-lr": 114,
                    "-t-lr": 76
                },
                "learning_rate": 0.0017928987864287548
            },
            "resnet": {
                "n_blocks": 5,
                "d_main": 382,
                "dropout_first": 0.04292174012409081,
                "dropout_second": 0.0,
                "d_hidden": 383,
                "num_bins": {
                    "-lr": 12,
                    "-t-lr": 57
                },
                "learning_rate": 0.0002325754992579975
            }
        },
        "fb-comments": {
            "mlp": {
                "d_layers": [
                    848,
                    971
                ],
                "dropout": 0.32925473874539224,
                "num_bins": {
                    "-lr": 77,
                    "-t-lr": 57
                },
                "learning_rate": 8.351654333505386e-05
            },
            "resnet": {
                "n_blocks": 1,
                "d_main": 501,
                "dropout_first": 0.2667207953387402,
                "dropout_second": 0.09068557410072171,
                "d_hidden": 1732,
                "num_bins": {
                    "-lr": 55,
                    "-t-lr": 28
                },
                "learning_rate": 0.0007793979538290826
            }
        },
        "otto": {
            "mlp": {
                "d_layers": [
                    1024,
                    371
                ],
                "dropout": 0.4275666768589137,
                "num_bins": {
                    "-lr": 74,
                    "-t-lr": 15
                },
                "learning_rate": 0.00021663734096744522
            },
            "resnet": {
                "n_blocks": 2,
                "d_main": 440,
                "dropout_first": 0.4777479213085874,
                "dropout_second": 0.029353793607978428,
                "d_hidden": 1308,
                "num_bins": {
                    "-lr": 69,
                    "-t-lr": 71
                },
                "learning_rate": 6.516369496691576e-05
            }
        },
        "higgs-small": {
            "mlp": {
                "d_layers": [
                    87,
                    261
                ],
                "dropout": 0.22218270771279258,
                "num_bins": {
                    "-lr": 77,
                    "-t-lr": 55
                },
                "learning_rate": 0.0024816946979580243
            },
            "resnet": {
                "n_blocks": 6,
                "d_main": 227,
                "dropout_first": 0.4741606157945847,
                "dropout_second": 0.0,
                "d_hidden": 745,
                "num_bins": {
                    "-lr": 62,
                    "-t-lr": 65
                },
                "learning_rate": 0.0031526483995089195
            }
        },
        "covtype": {
            "mlp": {
                "d_layers": [
                    970,
                    935,
                    935,
                    935,
                    492
                ],
                "dropout": 0.14929051353322226,
                "num_bins": {
                    "-lr": 100,
                    "-t-lr": 11
                },
                "learning_rate": 0.000695884338750054
            },
            "resnet": {
                "n_blocks": 7,
                "d_main": 486,
                "dropout_first": 0.36517928158182855,
                "dropout_second": 0.0,
                "d_hidden": 1243,
                "num_bins": {
                    "-lr": 84,
                    "-t-lr": 20
                },
                "learning_rate": 6.521689975579359e-05
            }
        },
        "adult": {
            "mlp": {
                "d_layers": [
                    260,
                    1008,
                    1008,
                    1008,
                    1008,
                    1008,
                    954
                ],
                "dropout": 0.1901307611036021,
                "num_bins": {
                    "-lr": 70,
                    "-t-lr": 114
                },
                "learning_rate": 0.0002716544410603358
            },
            "resnet": {
                "n_blocks": 6,
                "d_main": 305,
                "dropout_first": 0.45174095367030115,
                "dropout_second": 0.0,
                "d_hidden": 944,
                "num_bins": {
                    "-lr": 105,
                    "-t-lr": 124
                },
                "learning_rate": 0.00010092203928630447
            }
        },
        "house": {
            "mlp": {
                "d_layers": [
                    543,
                    993,
                    993,
                    993,
                    993,
                    62
                ],
                "dropout": 0.03389362313377599,
                "num_bins": {
                    "-lr": 77,
                    "-t-lr": 41
                },
                "learning_rate": 9.097628419895688e-05
            },
            "resnet": {
                "n_blocks": 3,
                "d_main": 272,
                "dropout_first": 0.25176105990943765,
                "dropout_second": 0.03474369264927989,
                "d_hidden": 722,
                "num_bins": {
                    "-lr": 29,
                    "-t-lr": 72
                },
                "learning_rate": 0.0001719482946580054
            }
        },
        "microsoft": {
            "mlp": {
                "d_layers": [
                    1023,
                    133
                ],
                "dropout": 0.364684956412553,
                "num_bins": {
                    "-lr": 51,
                    "-t-lr": 37
                },
                "learning_rate": 6.0211136150975914e-05
            },
            "resnet": {
                "n_blocks": 8,
                "d_main": 510,
                "dropout_first": 0.47864905716667233,
                "dropout_second": 0.20208873598179636,
                "d_hidden": 883,
                "num_bins": {
                    "-lr": 121,
                    "-t-lr": 38
                },
                "learning_rate": 0.0030057851412381023
            }
        },
        "churn": {
            "mlp": {
                "d_layers": [
                    99
                ],
                "dropout": 0.0,
                "num_bins": {
                    "-lr": 91,
                    "-t-lr": 82
                },
                "learning_rate": 0.003017406808507358
            },
            "resnet": {
                "n_blocks": 4,
                "d_main": 363,
                "dropout_first": 0.4363599584005768,
                "dropout_second": 0.0,
                "d_hidden": 1227,
                "num_bins": {
                    "-lr": 53,
                    "-t-lr": 126
                },
                "learning_rate": 0.0007537745912670805
            }
        },
        "santander": {
            "mlp": {
                "d_layers": [
                    554,
                    943,
                    943,
                    943,
                    943,
                    943,
                    943,
                    711
                ],
                "dropout": 0.22998550041321342,
                "num_bins": {
                    "-lr": 95,
                    "-t-lr": 59
                },
                "learning_rate": 6.373938597551542e-05
            },
            "resnet": {
                "n_blocks": 3,
                "d_main": 268,