{
    "parameters": {
        "gesture": {
            "mlp": {
                "d_layers": [
                    672,
                    904,
                    904,
                    636
                ],
                "dropout": 0.0,
                "num_bins": {
                    "-lr": 114,
                    "-t-lr": 76
                }
            },
            "resnet": {
                "n_blocks": 5,
                "d_main": 382,
                "dropout_first": 0.04292174012409081,
                "dropout_second": 0.0,
                "d_hidden": 383,
                "num_bins": {
                    "-lr": 12,
                    "-t-lr": 57
                }
            }
        },
        "fb-comments": {
            "mlp": {
                "d_layers": [
                    848,
                    971
                ],
                "dropout": 0.32925473874539224,
                "num_bins": {
                    "-lr": 77,
                    "-t-lr": 57
                }
            },
            "resnet": {
                "n_blocks": 1,
                "d_main": 501,
                "dropout_first": 0.2667207953387402,
                "dropout_second": 0.09068557410072171,
                "d_hidden": 1732,
                "num_bins": {
                    "-lr": 55,
                    "-t-lr": 28
                }
            }
        },
        "otto": {
            "mlp": {
                "d_layers": [
                    1024,
                    371
                ],
                "dropout": 0.4275666768589137,
                "num_bins": {
                    "-lr": 74,
                    "-t-lr": 15
                }
            },
            "resnet": {
                "n_blocks": 2,
                "d_main": 440,
                "dropout_first": 0.4777479213085874,
                "dropout_second": 0.029353793607978428,
                "d_hidden": 1308,
                "num_bins": {
                    "-lr": 69,
                    "-t-lr": 71
                }
            }
        },
        "higgs-small": {
            "mlp": {
                "d_layers": [
                    87,
                    261
                ],
                "dropout": 0.22218270771279258,
                "num_bins": {
                    "-lr": 77,
                    "-t-lr": 55
                }
            },
            "resnet": {
                "n_blocks": 6,
                "d_main": 227,
                "dropout_first": 0.4741606157945847,
                "dropout_second": 0.0,
                "d_hidden": 745,
                "num_bins": {
                    "-lr": 62,
                    "-t-lr": 65
                }
            }
        },
        "covtype": {
            "mlp": {
                "d_layers": [
                    970,
                    935,
                    935,
                    935,
                    492
                ],
                "dropout": 0.14929051353322226,
                "num_bins": {
                    "-lr": 100,
                    "-t-lr": 11
                }
            },
            "resnet": {
                "n_blocks": 7,
                "d_main": 486,
                "dropout_first": 0.36517928158182855,
                "dropout_second": 0.0,
                "d_hidden": 1243,
                "num_bins": {
                    "-lr": 84,
                    "-t-lr": 20
                }
            }
        },
        "adult": {
            "mlp": {
                "d_layers": [
                    260,
                    1008,
                    1008,
                    1008,
                    1008,
                    1008,
                    954
                ],
                "dropout": 0.1901307611036021,
                "num_bins": {
                    "-lr": 70,
                    "-t-lr": 114
                }
            },
            "resnet": {
                "n_blocks": 6,
                "d_main": 305,
                "dropout_first": 0.45174095367030115,
                "dropout_second": 0.0,
                "d_hidden": 944,
                "num_bins": {
                    "-lr": 105,
                    "-t-lr": 124
                }
            }
        },
        "house": {
            "mlp": {
                "d_layers": [
                    543,
                    993,
                    993,
                    993,
                    993,
                    62
                ],
                "dropout": 0.03389362313377599,
                "num_bins": {
                    "-lr": 77,
                    "-t-lr": 41
                }
            },
            "resnet": {
                "n_blocks": 3,
                "d_main": 272,
                "dropout_first": 0.25176105990943765,
                "dropout_second": 0.03474369264927989,
                "d_hidden": 722,
                "num_bins": {
                    "-lr": 29,
                    "-t-lr": 72
                }
            }
        },
        "microsoft": {
            "mlp": {
                "d_layers": [
                    1023,
                    133
                ],
                "dropout": 0.364684956412553,
                "num_bins": {
                    "-lr": 51,
                    "-t-lr": 37
                }
            },
            "resnet": {
                "n_blocks": 8,
                "d_main": 510,
                "dropout_first": 0.47864905716667233,
                "dropout_second": 0.20208873598179636,
                "d_hidden": 883,
                "num_bins": {
                    "-lr": 121,
                    "-t-lr": 38
                }
            }
        },
        "churn": {
            "mlp": {
                "d_layers": [
                    99
                ],
                "dropout": 0.0,
                "num_bins": {
                    "-lr": 91,
                    "-t-lr": 82
                }
            },
            "resnet": {
                "n_blocks": 4,
                "d_main": 363,
                "dropout_first": 0.4363599584005768,
                "dropout_second": 0.0,
                "d_hidden": 1227,
                "num_bins": {
                    "-lr": 53,
                    "-t-lr": 126
                }
            }
        },
        "santander": {
            "mlp": {
                "d_layers": [
                    554,
                    943,
                    943,
                    943,
                    943,
                    943,
                    943,
                    711
                ],
                "dropout": 0.22998550041321342,
                "num_bins": {
                    "-lr": 95,
                    "-t-lr": 59
                }
            },
            "resnet": {
                "n_blocks": 3,
                "d_main": 268,
                "dropout_first": 0.41292585285459127,
                "dropout_second": 0.0,
                "d_hidden": 963,
                "num_bins": {
                    "-lr": 50,
                    "-t-lr": 114
                }
            }
        },
        "california": {
            "mlp": {
                "d_layers": [
                    586,
                    65
                ],
                "dropout": 0.280265976554849,
                "num_bins": {
                    "-lr": 78,
                    "-t-lr": 69
                }
            },
            "resnet": {
                "n_blocks": 7,
                "d_main": 333,
                "dropout_first": 0.4756032945162617,
                "dropout_second": 0.0,
                "d_hidden": 640,
                "num_bins": {
                    "-lr": 128,
                    "-t-lr": 48
                }
            }
        }
    }
}